{
  "project_info": {
    "project_number": "884481698073",
    "firebase_url": "https://changeofstyle-saloon.firebaseio.com",
    "project_id": "changeofstyle-saloon",
    "storage_bucket": "changeofstyle-saloon.appspot.com"
  },
  "client": [
    {
      "client_info": {
        "mobilesdk_app_id": "1:884481698073:android:3ec2022928a1fd50cd7d88",
        "android_client_info": {
          "package_name": "com.tech4lyf.cossaloon"
        }
      },
      "oauth_client": [
        {
          "client_id": "884481698073-f8bu208po4heandhdp2oeg0u1dshdcu7.apps.googleusercontent.com",
          "client_type": 1,
          "android_info": {
            "package_name": "com.tech4lyf.cossaloon",
            "certificate_hash": "04cffeb0aa7cffbd1652d24e1deb0df7131b4654"
          }
        },
        {
          "client_id": "884481698073-mv11hle59e8mc8g117jmlsd09av80ho6.apps.googleusercontent.com",
          "client_type": 3
        }
      ],
      "api_key": [
        {
          "current_key": "AIzaSyCly1xxgT9jLwVSIPNtd20C9B0OVH2IN-o"
        }
      ],
      "services": {
        "appinvite_service": {
          "other_platform_oauth_client": [
            {
              "client_id": "884481698073-mv11hle59e8mc8g117jmlsd09av80ho6.apps.googleusercontent.com",
              "client_type": 3
            }
          ]
        }
      }
    }
  ],
  "configuration_version": "1"
}